{
  "4.mp3": {
    "estimated_type": "phuthai",
    "tempo": 135.99917763157896,
    "brightness": 1577.6915397040748,
    "zcr": 0.10073879208606429,
    "duration": 74.38897959183673
  },
  "2.mp3": {
    "estimated_type": "phuthai",
    "tempo": 129.19921875,
    "brightness": 1682.269324189101,
    "zcr": 0.10877248563655155,
    "duration": 95.4609977324263
  },
  "3.mp3": {
    "estimated_type": "phuthai",
    "tempo": 151.99908088235293,
    "brightness": 1654.8895739215507,
    "zcr": 0.1054253797953823,
    "duration": 131.4849886621315
  },
  "1.mp3": {
    "estimated_type": "phuthai",
    "tempo": 135.99917763157896,
    "brightness": 1563.1722696190625,
    "zcr": 0.09970609105107603,
    "duration": 163.98099773242632
  },
  "5.mp3": {
    "estimated_type": "toei",
    "tempo": 117.45383522727273,
    "brightness": 2070.4824059367547,
    "zcr": 0.09507679732289108,
    "duration": 283.5009977324263
  }
}